{
    "Random Forest": {
        "accuracy": 0.8926666666666667,
        "f1": 0.7600596125186289,
        "roc_auc": 0.9286238269644425
    },
    "decision Tree": {
        "accuracy": 0.8342222222222222,
        "f1": 0.6627486437613019,
        "roc_auc": 0.8223888261638052
    },
    "Gradient Boosting": {
        "accuracy": 0.904,
        "f1": 0.8009216589861751,
        "roc_auc": 0.9258918435972988
    }
}