experiment_id,dataset,seed,model_summary,optimizer,lr,momentum,weight_decay,epochs_trained,best_val_accuracy,best_val_loss
E1,KMNIST,42,MLP/ReLU/drop=0/bn=F,Adam,0.001,0.0,0.0,20,0.9543333333333334,0.21665728106101353
E2,KMNIST,42,MLP/ReLU/drop=0.5/bn=F,Adam,0.001,0.0,0.0,20,0.9468333333333333,0.1746055583357811
E3,KMNIST,42,MLP/ReLU/drop=0/bn=T,Adam,0.001,0.0,0.0,20,0.9546666666666667,0.18556677690148354
E4,KMNIST,42,MLP/ReLU/drop=0/bn=T,Adam,0.001,0.0,0.0,9,0.949,0.17071095749735832
O1,KMNIST,42,MLP/ReLU,Adam,0.1,0.0,0.0,8,0.1555,2.401194471359253
O2,KMNIST,42,MLP/ReLU,Adam,1e-05,0.0,0.0,8,0.7738333333333334,0.8134593822161357
O3,KMNIST,42,MLP/ReLU,SGD,0.01,0.9,0.0001,15,0.95,0.16762573711077372
